timestamp,session,symbol,side,qty,status,reason
2026-09-24T15:18:16,AM,GOOGL,buy,7,pending_new,"combined score +0.35; ranked #44 of 278; driven mainly by price momentum +1.02, research (news + analyst consensus) +0.80; entering/adding to the top-ranked target portfolio; research detail: 239 recent headline(s), net positive tone (+49); analyst consensus +1.19/2 (20 strong buy, 43 buy, 7 hold, 0 sell, 0 strong sell)"
2026-09-24T15:18:16,AM,MU,buy,1,pending_new,"combined score +0.78; ranked #7 of 278; driven mainly by price momentum +2.82, research (news + analyst consensus) +1.23; entering/adding to the top-ranked target portfolio; research detail: 139 recent headline(s), net positive tone (+52); analyst consensus +1.21/2 (18 strong buy, 35 buy, 4 hold, 1 sell, 0 strong sell)"
2026-09-24T15:37:43,AM,CFG,sell,31,pending_new,"combined score +0.40; ranked #29 of 503; driven mainly by price momentum +1.45, low volatility +0.29; trimmed toward target weight, or dropped out of the top-ranked names; research detail: 2 recent headline(s), neutral/mixed tone; analyst consensus +1.04/2 (5 strong buy, 14 buy, 4 hold, 0 sell, 0 strong sell)"
2026-09-24T15:37:43,AM,BAC,buy,67,pending_new,"combined score +0.78; ranked #6 of 503; driven mainly by research (news + analyst consensus) +1.54, low volatility +0.99; entering/adding to the top-ranked target portfolio; research detail: 36 recent headline(s), net positive tone (+10); analyst consensus +1.00/2 (6 strong buy, 17 buy, 6 hold, 0 sell, 0 strong sell)"
2026-09-24T15:37:43,AM,SNDK,buy,1,pending_new,"combined score +1.48; ranked #1 of 503; driven mainly by price momentum +6.11, low volatility -1.45; entering/adding to the top-ranked target portfolio; research detail: 66 recent headline(s), net positive tone (+31); analyst consensus +1.18/2 (11 strong buy, 17 buy, 5 hold, 0 sell, 0 strong sell)"
2026-09-24T15:37:43,AM,CAH,buy,7,pending_new,"combined score +0.56; ranked #17 of 503; driven mainly by low volatility +1.42, research (news + analyst consensus) +1.01; entering/adding to the top-ranked target portfolio; research detail: 6 recent headline(s), net positive tone (+6); analyst consensus +1.21/2 (8 strong buy, 13 buy, 3 hold, 0 sell, 0 strong sell)"
2026-09-24T15:37:43,AM,MU,buy,1,pending_new,"combined score +0.84; ranked #3 of 503; driven mainly by price momentum +2.82, research (news + analyst consensus) +1.50; entering/adding to the top-ranked target portfolio; research detail: 139 recent headline(s), net positive tone (+52); analyst consensus +1.21/2 (18 strong buy, 35 buy, 4 hold, 1 sell, 0 strong sell)"
2026-09-24T15:37:43,AM,AIZ,buy,5,pending_new,"combined score +0.54; ranked #18 of 503; driven mainly by low volatility +0.99, price momentum +0.98; entering/adding to the top-ranked target portfolio; research detail: 8 recent headline(s), net positive tone (+5); analyst consensus +1.00/2 (2 strong buy, 9 buy, 2 hold, 0 sell, 0 strong sell)"
2026-09-25T13:52:53,AM,MRNA,sell,8,pending_new,"combined score +0.53; ranked #20 of 503; driven mainly by price momentum +5.15, low volatility -2.47; trimmed toward target weight, or dropped out of the top-ranked names; research detail: 18 recent headline(s), net positive tone (+5); analyst consensus +0.43/2 (4 strong buy, 7 buy, 17 hold, 2 sell, 0 strong sell)"
2026-09-25T13:52:53,AM,JNJ,buy,11,pending_new,"combined score +0.68; ranked #11 of 503; driven mainly by low volatility +2.23, research (news + analyst consensus) +1.51; entering/adding to the top-ranked target portfolio; research detail: 31 recent headline(s), net positive tone (+13); analyst consensus +0.94/2 (7 strong buy, 15 buy, 9 hold, 0 sell, 0 strong sell)"
2026-09-25T13:52:53,AM,WELL,buy,12,pending_new,"combined score +0.65; ranked #13 of 503; driven mainly by price momentum +1.74, research (news + analyst consensus) +1.16; entering/adding to the top-ranked target portfolio; research detail: 7 recent headline(s), net positive tone (+2); analyst consensus +1.04/2 (6 strong buy, 17 buy, 5 hold, 0 sell, 0 strong sell)"
2026-09-25T13:52:53,AM,CASY,buy,3,pending_new,"combined score +0.56; ranked #19 of 503; driven mainly by price momentum +2.83, low volatility -1.58; entering/adding to the top-ranked target portfolio; research detail: 5 recent headline(s), net positive tone (+3); analyst consensus +1.04/2 (9 strong buy, 10 buy, 8 hold, 0 sell, 0 strong sell)"
2026-09-25T13:52:53,AM,TGT,buy,10,pending_new,"combined score +0.81; ranked #5 of 503; driven mainly by price momentum +2.84, research (news + analyst consensus) +0.96; entering/adding to the top-ranked target portfolio; research detail: 24 recent headline(s), net positive tone (+16); analyst consensus +0.44/2 (7 strong buy, 8 buy, 25 hold, 3 sell, 0 strong sell)"
2026-09-28T14:10:45,AM,BAC,sell,2,pending_new,"combined score +0.43; ranked #32 of 503; driven mainly by low volatility +1.04, value (cheapness) +0.75; trimmed toward target weight, or dropped out of the top-ranked names; research detail: 7 recent headline(s), neutral/mixed tone; analyst consensus +1.00/2 (6 strong buy, 17 buy, 6 hold, 0 sell, 0 strong sell)"
2026-09-28T14:10:45,AM,SPG,buy,28,pending_new,"combined score +0.79; ranked #4 of 503; driven mainly by research (news + analyst consensus) +1.04, low volatility +0.84; entering/adding to the top-ranked target portfolio; research detail: 1 recent headline(s), net positive tone (+1); analyst consensus +0.62/2 (6 strong buy, 4 buy, 16 hold, 0 sell, 0 strong sell)"
2026-09-28T14:10:45,AM,UNP,buy,21,pending_new,"combined score +0.72; ranked #7 of 503; driven mainly by research (news + analyst consensus) +1.10, low volatility +1.04; entering/adding to the top-ranked target portfolio; research detail: 1 recent headline(s), net positive tone (+2); analyst consensus +0.97/2 (9 strong buy, 12 buy, 10 hold, 0 sell, 0 strong sell)"
2026-09-28T14:10:45,AM,NVDA,buy,21,pending_new,"combined score +0.62; ranked #13 of 503; driven mainly by research (news + analyst consensus) +2.09, low volatility +1.05; entering/adding to the top-ranked target portfolio; research detail: 52 recent headline(s), net positive tone (+12); analyst consensus +1.28/2 (24 strong buy, 41 buy, 3 hold, 1 sell, 0 strong sell)"
2026-09-28T14:10:45,AM,CSX,buy,99,pending_new,"combined score +0.61; ranked #14 of 503; driven mainly by low volatility +1.35, price momentum +1.03; entering/adding to the top-ranked target portfolio; research detail: analyst consensus +0.90/2 (7 strong buy, 14 buy, 8 hold, 1 sell, 0 strong sell)"
2026-09-28T14:10:45,AM,DAL,buy,53,pending_new,"combined score +0.60; ranked #15 of 503; driven mainly by value (cheapness) +2.14, price momentum +0.48; entering/adding to the top-ranked target portfolio; research detail: analyst consensus +1.16/2 (8 strong buy, 21 buy, 3 hold, 0 sell, 0 strong sell)"
2026-09-28T14:10:45,AM,GM,buy,50,pending_new,"combined score +0.58; ranked #16 of 503; driven mainly by price momentum +1.63, research (news + analyst consensus) +0.72; entering/adding to the top-ranked target portfolio; research detail: 16 recent headline(s), net positive tone (+1); analyst consensus +1.05/2 (11 strong buy, 19 buy, 7 hold, 1 sell, 0 strong sell)"
2026-09-28T14:10:45,AM,ALL,buy,17,pending_new,"combined score +0.90; ranked #2 of 503; driven mainly by value (cheapness) +1.65, quality (profitability/balance sheet) +1.32; entering/adding to the top-ranked target portfolio; research detail: 2 recent headline(s), net positive tone (+2); analyst consensus +0.47/2 (5 strong buy, 9 buy, 12 hold, 3 sell, 1 strong sell)"
2026-09-28T14:10:45,AM,PNC,buy,6,pending_new,"combined score +0.78; ranked #5 of 503; driven mainly by research (news + analyst consensus) +1.87, low volatility +1.08; entering/adding to the top-ranked target portfolio; research detail: 2 recent headline(s), net positive tone (+4); analyst consensus +1.00/2 (8 strong buy, 11 buy, 8 hold, 0 sell, 0 strong sell)"
2026-09-28T14:10:45,AM,AMCR,buy,1,pending_new,"combined score +0.70; ranked #8 of 503; driven mainly by price momentum +3.00, quality (profitability/balance sheet) -0.51; entering/adding to the top-ranked target portfolio; research detail: analyst consensus +0.90/2 (5 strong buy, 8 buy, 7 hold, 0 sell, 0 strong sell)"
2026-09-29T14:10:35,AM,UNP,sell,21.0,filled,"combined score +0.30; ranked #75 of 503; driven mainly by low volatility +1.03, price momentum +0.56; trimmed toward target weight, or dropped out of the top-ranked names; research detail: 1 recent headline(s), neutral/mixed tone; analyst consensus +0.97/2 (9 strong buy, 12 buy, 10 hold, 0 sell, 0 strong sell)"
2026-09-29T14:10:35,AM,SPG,sell,28.0,filled,"combined score +0.41; ranked #38 of 503; driven mainly by low volatility +0.84, price momentum +0.78; trimmed toward target weight, or dropped out of the top-ranked names; research detail: 2 recent headline(s), net positive tone (+1); analyst consensus +0.62/2 (6 strong buy, 4 buy, 16 hold, 0 sell, 0 strong sell)"
2026-09-29T14:10:35,AM,BE,sell,9.834,filled,"combined score +0.32; ranked #67 of 503; driven mainly by price momentum +3.00, low volatility -2.42; trimmed toward target weight, or dropped out of the top-ranked names; research detail: 12 recent headline(s), net positive tone (+9); analyst consensus +0.77/2 (7 strong buy, 17 buy, 14 hold, 1 sell, 0 strong sell)"
2026-09-29T14:10:35,AM,WELL,sell,12.0,filled,"combined score +0.26; ranked #89 of 503; driven mainly by price momentum +1.69, value (cheapness) -0.71; trimmed toward target weight, or dropped out of the top-ranked names; research detail: analyst consensus +1.04/2 (6 strong buy, 17 buy, 5 hold, 0 sell, 0 strong sell)"
2026-09-29T14:10:35,AM,ECHO,sell,7.375,filled,"combined score +0.21; ranked #118 of 503; driven mainly by price momentum +1.50, low volatility -1.11; trimmed toward target weight, or dropped out of the top-ranked names; research detail: analyst consensus +1.08/2 (4 strong buy, 6 buy, 3 hold, 0 sell, 0 strong sell)"
2026-09-29T14:10:35,AM,CFG,buy,52.497,filled,"combined score +0.66; ranked #8 of 503; driven mainly by price momentum +1.25, value (cheapness) +0.88; entering/adding to the top-ranked target portfolio; research detail: 2 recent headline(s), net positive tone (+2); analyst consensus +1.04/2 (5 strong buy, 14 buy, 4 hold, 0 sell, 0 strong sell)"
2026-09-29T14:10:35,AM,JNJ,buy,10.79,filled,"combined score +0.70; ranked #5 of 503; driven mainly by low volatility +2.21, research (news + analyst consensus) +1.50; entering/adding to the top-ranked target portfolio; research detail: 8 recent headline(s), net positive tone (+8); analyst consensus +0.94/2 (7 strong buy, 15 buy, 9 hold, 0 sell, 0 strong sell)"
2026-09-29T14:10:35,AM,AMCR,buy,66.493,filled,"combined score +0.70; ranked #6 of 503; driven mainly by price momentum +3.00, quality (profitability/balance sheet) -0.51; entering/adding to the top-ranked target portfolio; research detail: 1 recent headline(s), neutral/mixed tone; analyst consensus +0.90/2 (5 strong buy, 8 buy, 7 hold, 0 sell, 0 strong sell)"
2026-09-29T14:10:35,AM,USB,buy,46.094,filled,"combined score +0.61; ranked #14 of 503; driven mainly by price momentum +0.88, research (news + analyst consensus) +0.80; entering/adding to the top-ranked target portfolio; research detail: 2 recent headline(s), net positive tone (+3); analyst consensus +0.78/2 (6 strong buy, 10 buy, 10 hold, 1 sell, 0 strong sell)"
2026-09-29T14:10:35,AM,MU,buy,2.491,filled,"combined score +1.12; ranked #1 of 503; driven mainly by price momentum +2.87, research (news + analyst consensus) +1.98; entering/adding to the top-ranked target portfolio; research detail: 76 recent headline(s), net positive tone (+33); analyst consensus +1.21/2 (18 strong buy, 35 buy, 4 hold, 1 sell, 0 strong sell)"
2026-09-29T14:10:35,AM,FIX,buy,1.567,filled,"combined score +0.59; ranked #17 of 503; driven mainly by price momentum +3.00, low volatility -1.43; entering/adding to the top-ranked target portfolio; research detail: 1 recent headline(s), net positive tone (+1); analyst consensus +1.31/2 (7 strong buy, 7 buy, 2 hold, 0 sell, 0 strong sell)"
2026-09-30T14:10:51,AM,USB,sell,46.078,filled,"combined score +0.38; ranked #55 of 503; driven mainly by price momentum +0.88, low volatility +0.79; trimmed toward target weight, or dropped out of the top-ranked names; research detail: 3 recent headline(s), net positive tone (+2); analyst consensus +0.78/2 (6 strong buy, 10 buy, 10 hold, 1 sell, 0 strong sell)"
2026-09-30T14:10:51,AM,GM,sell,27.789,filled,"combined score +0.51; ranked #22 of 503; driven mainly by price momentum +1.71, value (cheapness) +0.69; trimmed toward target weight, or dropped out of the top-ranked names; research detail: 22 recent headline(s), net positive tone (+1); analyst consensus +1.05/2 (11 strong buy, 19 buy, 7 hold, 1 sell, 0 strong sell)"
2026-09-30T14:10:51,AM,ECHO,sell,21.509,filled,"combined score +0.11; ranked #178 of 503; driven mainly by low volatility -1.11, price momentum +1.06; trimmed toward target weight, or dropped out of the top-ranked names; research detail: 1 recent headline(s), net positive tone (+1); analyst consensus +1.08/2 (4 strong buy, 6 buy, 3 hold, 0 sell, 0 strong sell)"
2026-09-30T14:10:51,AM,TGT,sell,11.76,filled,"combined score +0.55; ranked #18 of 503; driven mainly by price momentum +2.77, research (news + analyst consensus) -0.60; trimmed toward target weight, or dropped out of the top-ranked names; research detail: 19 recent headline(s), net negative tone (-1); analyst consensus +0.44/2 (7 strong buy, 8 buy, 25 hold, 3 sell, 0 strong sell)"
2026-09-30T14:10:51,AM,CASY,sell,2.989,filled,"combined score +0.22; ranked #113 of 503; driven mainly by price momentum +2.28, low volatility -1.58; trimmed toward target weight, or dropped out of the top-ranked names; research detail: analyst consensus +1.04/2 (9 strong buy, 10 buy, 8 hold, 0 sell, 0 strong sell)"
2026-09-30T14:10:51,AM,CAH,sell,7.0,filled,"combined score +0.22; ranked #119 of 503; driven mainly by low volatility +1.44, price momentum +0.69; trimmed toward target weight, or dropped out of the top-ranked names; research detail: 1 recent headline(s), neutral/mixed tone; analyst consensus +1.21/2 (8 strong buy, 13 buy, 3 hold, 0 sell, 0 strong sell)"
2026-09-30T14:10:51,AM,FIX,sell,0.941,filled,"combined score +0.55; ranked #17 of 503; driven mainly by price momentum +2.84, low volatility -1.41; trimmed toward target weight, or dropped out of the top-ranked names; research detail: 2 recent headline(s), net positive tone (+2); analyst consensus +1.31/2 (7 strong buy, 7 buy, 2 hold, 0 sell, 0 strong sell)"
2026-09-30T14:10:51,AM,MRNA,sell,7.972,filled,"combined score +0.07; ranked #211 of 503; driven mainly by price momentum +3.00, low volatility -2.50; trimmed toward target weight, or dropped out of the top-ranked names; research detail: 10 recent headline(s), net negative tone (-2); analyst consensus +0.43/2 (4 strong buy, 7 buy, 17 hold, 2 sell, 0 strong sell)"
2026-09-30T14:10:51,AM,MSFT,buy,6.25,filled,"combined score +0.57; ranked #15 of 503; driven mainly by research (news + analyst consensus) +2.07, low volatility +1.24; entering/adding to the top-ranked target portfolio; research detail: 82 recent headline(s), net positive tone (+35); analyst consensus +1.26/2 (23 strong buy, 41 buy, 5 hold, 0 sell, 0 strong sell)"
2026-09-30T14:10:51,AM,KO,buy,33.092,filled,"combined score +0.73; ranked #5 of 503; driven mainly by low volatility +1.53, price momentum +1.26; entering/adding to the top-ranked target portfolio; research detail: 16 recent headline(s), net positive tone (+6); analyst consensus +1.00/2 (8 strong buy, 19 buy, 8 hold, 0 sell, 0 strong sell)"
2026-09-30T14:10:51,AM,STT,buy,14.965,filled,"combined score +0.70; ranked #8 of 503; driven mainly by price momentum +2.24, low volatility +0.48; entering/adding to the top-ranked target portfolio; research detail: 2 recent headline(s), net positive tone (+1); analyst consensus +0.81/2 (3 strong buy, 11 buy, 7 hold, 0 sell, 0 strong sell)"
2026-09-30T14:10:51,AM,SNDK,buy,1.38,filled,"combined score +0.85; ranked #2 of 503; driven mainly by price momentum +3.00, low volatility -1.43; entering/adding to the top-ranked target portfolio; research detail: 24 recent headline(s), net positive tone (+11); analyst consensus +1.18/2 (11 strong buy, 17 buy, 5 hold, 0 sell, 0 strong sell)"
2026-09-30T14:10:51,AM,GOOG,buy,6.458,filled,"combined score +0.53; ranked #19 of 503; driven mainly by price momentum +1.46, research (news + analyst consensus) +1.27; entering/adding to the top-ranked target portfolio; research detail: 39 recent headline(s), net positive tone (+16); analyst consensus +1.19/2 (20 strong buy, 43 buy, 7 hold, 0 sell, 0 strong sell)"
2026-09-30T14:10:51,AM,LLY,buy,1.712,filled,"combined score +0.52; ranked #21 of 503; driven mainly by research (news + analyst consensus) +1.88, value (cheapness) -1.01; entering/adding to the top-ranked target portfolio; research detail: 44 recent headline(s), net positive tone (+12); analyst consensus +1.05/2 (11 strong buy, 19 buy, 7 hold, 1 sell, 0 strong sell)"
2026-09-30T14:10:51,AM,ALL,buy,8.919,filled,"combined score +0.72; ranked #6 of 503; driven mainly by value (cheapness) +1.68, quality (profitability/balance sheet) +1.27; entering/adding to the top-ranked target portfolio; research detail: 1 recent headline(s), net positive tone (+1); analyst consensus +0.47/2 (5 strong buy, 9 buy, 12 hold, 3 sell, 1 strong sell)"
2026-09-30T14:10:51,AM,BG,buy,16.346,filled,"combined score +0.51; ranked #23 of 503; driven mainly by price momentum +1.55, value (cheapness) +1.13; entering/adding to the top-ranked target portfolio; research detail: analyst consensus +1.15/2 (5 strong buy, 13 buy, 2 hold, 0 sell, 0 strong sell)"
